vehicle_id,title,description,url,make,model,year,mileage.value,mileage.unit,transmission,fuel_type,body_style,drivetrain,vin,condition,price,address,exterior_color,availability,state_of_vehicle,latitude,longitude,vehicle_type,custom_label_0,image[0].url,image[1].url,image[1].tag[0],image[2].url,image[2].tag[0],image[2].tag[1],image[3].url,image[3].tag[0],image[4].url,image[4].tag[0]
DKBS,2024 Ford F-150 Lariat 4X4 LWB,"Introducing the stunning 2024 Ford F-150 Lariat in Carbonized Gray/Asher Gray, a remarkable combination of power, comfort, and cutting-edge technology. This Ute is equipped with a robust petrol engine and an automatic transmission, providing a smooth and engaging driving experience. The interior showcases a perfect blend of luxury and functionality, featuring high-quality leather seats and a range of advanced features designed to enhance your driving comfort.

Stay connected and entertained with Bluetooth capabilities, Android Auto, and Apple CarPlay, making it seamless to integrate your devices. The climate control system ensures a pleasant atmosphere regardless of the weather outside, while heated seats offer an extra touch of comfort during cooler months. Safety is paramount, and with Lane Keeping Active Assist and a reversing camera, you can drive with confidence knowing that you're equipped with the latest technology.

This Ford F-150 Lariat is not just a vehicle; it’s a lifestyle choice that caters to your needs whether you're on the worksite or heading out for a weekend adventure.

Key Features:
- Climate Control
- Bluetooth
- Reversing Camera
- Electric Seats
- Heated Seats
- Keyless Start
- Lane Keeping Active Assist
- Leather Seats
- Android Auto
- Apple CarPlay
- Wireless Charging",https://www.chadstoneford.com.au/cars/new-2024-ford-f-150-dkbs,Ford,F-150,2024,50,KM,AUTOMATIC,GASOLINE,TRUCK,NONE,1FTFW1E80PFC29895,EXCELLENT,128888.00 AUD,"{""addr1"": ""1424 Dandenong Rd"", ""city"": ""Oakleigh"", ""region"": ""VIC"", ""postal_code"": 3166, ""country"": ""Australia""}",Grey,AVAILABLE,NEW,-37.8938928,145.0919243,CAR_TRUCK,branded tile test B v3,https://joshhalsallcmg.github.io/chadstone-ford-tiles/DKBS_1x1_a79f8a26.jpg,https://joshhalsallcmg.github.io/chadstone-ford-tiles/DKBS_4x5_51dcae43.jpg,ASPECT_RATIO_4_5_PREFERRED,https://joshhalsallcmg.github.io/chadstone-ford-tiles/DKBS_9x16_f8591e5c.jpg,STORY_PREFERRED,ASPECT_RATIO_9_16_PREFERRED,https://joshhalsallcmg.github.io/chadstone-ford-tiles/DKBS_9x16r_369aafe7.jpg,REELS_PREFERRED,https://d2s8i866417m9.cloudfront.net/photo/14584627/photo/medium-a67fd859a49b24ed0298b237646070a9.jpeg,original_photo
TPQH,2026 Ford Ranger Raptor 4X4 3.0L,"Introducing the New Blue Lightning 2026 Ford Ranger Raptor, a remarkable Ute that seamlessly combines rugged capability with high-performance features. Designed for tradespeople, contractors, and workers, this vehicle is built to handle heavy loads while providing an exhilarating driving experience. With its powerful petrol engine and sport-tuned handling, you can confidently tackle any job site or weekend adventure. 

Equipped with advanced technology and safety features, the Ranger Raptor ensures that you stay connected and protected on every journey. The luxurious leather seats add a touch of comfort, making it suitable for both work and play. Don’t miss the opportunity to experience this outstanding vehicle that meets the demands of professionals and driving enthusiasts alike.

Features include:

Climate Control  
Bluetooth  
Reversing Camera  
Keyless Start  
Lane Departure Warning  
Lane Keeping Active Assist  
Leather Seats",https://www.chadstoneford.com.au/cars/new-blue-lightning-2026-ford-ranger-tpqh,Ford,Ranger,2026,13,KM,AUTOMATIC,GASOLINE,TRUCK,NONE,MPBCMFE10TX763864,EXCELLENT,102000.00 AUD,"{""addr1"": ""1424 Dandenong Rd"", ""city"": ""Oakleigh"", ""region"": ""VIC"", ""postal_code"": 3166, ""country"": ""Australia""}",Blue,AVAILABLE,NEW,-37.8938928,145.0919243,CAR_TRUCK,branded tile test B v3,https://joshhalsallcmg.github.io/chadstone-ford-tiles/TPQH_1x1_70170353.jpg,https://joshhalsallcmg.github.io/chadstone-ford-tiles/TPQH_4x5_d6c22177.jpg,ASPECT_RATIO_4_5_PREFERRED,https://joshhalsallcmg.github.io/chadstone-ford-tiles/TPQH_9x16_7f095164.jpg,STORY_PREFERRED,ASPECT_RATIO_9_16_PREFERRED,https://joshhalsallcmg.github.io/chadstone-ford-tiles/TPQH_9x16r_73cd58e0.jpg,REELS_PREFERRED,https://d2s8i866417m9.cloudfront.net/photo/42801593/photo/medium-7001054fdbc59da260db963f4f1df98e.png,original_photo
LC4Z,2025 Ford Mustang GT FO,"2025 Ford Mustang FO 2025.00MY GT Fastback 2dr SelectShift 10sp 5.0i
- BRONZE PACK

The team at our Dealerships are dedicated to providing you with an amazing purchase experience. Our mission is to then ensure your Vehicle Ownership experience is simple, easy, and more importantly enjoyable, with constant communication on how to best care for your vehicle

DELIVERY OPTIONS NATIONWIDE
Click & Collect Contactless deliveries 
Interstate transport available at very competitive rates 

FLEXIBLE FINANCE 
We have dedicated Finance and Insurance Manager's on site that are here to help tailor a financial package that will suit your budget and get you into your dream car sooner. 

CAN'T MAKE IT TO THE DEALERSHIP?
Can't make it to see us? No worries. If you are local to us, we can organize to come and see you. We provide at home or office test drives and inspections. 
 
CONFIDENCE & CONVENIENCE
Whether it be a New or Used vehicle, have confidence and certainty in doing so from one of Australia's most dedicated family owned motor networks. 
 
FAMILY OWNED AND OPERATED
Our family owned and operated dealership is committed to delivering an exceptional customer experience. We are a team of local people that care about each other, our customers and the community that we operate in. We are conveniently located only a short distance from the heart of Melbourne easily accessible via Melbourne's largest highways. 
 
SERVICING 
We have an expert team of factory-trained technicians that will provide you with the highest level of support and service, each and every time you visit our local service centre.",https://www.chadstoneford.com.au/cars/new-grey-2025-ford-mustang-lc4z,Ford,Mustang,2025,29,KM,AUTOMATIC,GASOLINE,COUPE,NONE,1FATP8NF3S5102375,EXCELLENT,98279.00 AUD,"{""addr1"": ""1424 Dandenong Rd"", ""city"": ""Oakleigh"", ""region"": ""VIC"", ""postal_code"": 3166, ""country"": ""Australia""}",Grey,AVAILABLE,NEW,-37.8938928,145.0919243,CAR_TRUCK,branded tile test B v3,https://joshhalsallcmg.github.io/chadstone-ford-tiles/LC4Z_1x1_fc03a6c5.jpg,https://joshhalsallcmg.github.io/chadstone-ford-tiles/LC4Z_4x5_50e9728b.jpg,ASPECT_RATIO_4_5_PREFERRED,https://joshhalsallcmg.github.io/chadstone-ford-tiles/LC4Z_9x16_45b5653a.jpg,STORY_PREFERRED,ASPECT_RATIO_9_16_PREFERRED,https://joshhalsallcmg.github.io/chadstone-ford-tiles/LC4Z_9x16r_9d6033b3.jpg,REELS_PREFERRED,https://d2s8i866417m9.cloudfront.net/photo/30209854/photo/medium-3160e0df26d27d09e425eaf38b2e9935.jpg,original_photo
V48C,2026 Ford Everest Active 3.0L,"Introducing the new Aluminium 2026 Ford Everest Active, a remarkable SUV designed with families in mind. With its robust diesel engine and advanced safety features, this vehicle makes daily transportation a breeze while ensuring your family's safety on the road. The Everest Active is equipped with climate control, allowing for a comfortable ride in any weather. The spacious interior, complete with luxurious leather seats, offers plenty of room for young children and their gear.

This SUV also boasts cutting-edge technology such as Bluetooth connectivity and a reversing camera, making it a practical choice for busy parents. Safety is paramount, which is why the Everest Active comes with lane departure warning and lane keeping active assist features, as well as a prestigious 5-star ANCAP safety rating. With roof rails for added versatility, this vehicle is ready for any family adventure.

Key features include:

Climate Control  
Bluetooth  
Reversing Camera  
Keyless Start  
Lane Departure Warning  
Lane Keeping Active Assist  
Leather Seats  
Roof Rails  
5 Star ANCAP Safety Rating",https://www.chadstoneford.com.au/cars/new-aluminium-2026-ford-everest-v48c,Ford,Everest,2026,48,KM,AUTOMATIC,DIESEL,SUV,NONE,MNARXXMAWRTS20832,EXCELLENT,79000.00 AUD,"{""addr1"": ""1424 Dandenong Rd"", ""city"": ""Oakleigh"", ""region"": ""VIC"", ""postal_code"": 3166, ""country"": ""Australia""}",Silver,AVAILABLE,NEW,-37.8938928,145.0919243,CAR_TRUCK,branded tile test B v3,https://joshhalsallcmg.github.io/chadstone-ford-tiles/V48C_1x1_0d972d4f.jpg,https://joshhalsallcmg.github.io/chadstone-ford-tiles/V48C_4x5_48430ee5.jpg,ASPECT_RATIO_4_5_PREFERRED,https://joshhalsallcmg.github.io/chadstone-ford-tiles/V48C_9x16_b74b289f.jpg,STORY_PREFERRED,ASPECT_RATIO_9_16_PREFERRED,https://joshhalsallcmg.github.io/chadstone-ford-tiles/V48C_9x16r_2c3456c9.jpg,REELS_PREFERRED,https://d2s8i866417m9.cloudfront.net/photo/52057937/photo/medium-4e44484fbd7d11b554f61eb4c1e1afc0.png,original_photo
TSRR,2026 Ford Ranger Tremor 4X4 3.0L,"Introducing the New Meteor Grey 2025 Ford Ranger with a BD body, a striking addition to the Ford lineup that combines rugged style with modern performance.

This model showcases a bold exterior design that stands out on any terrain, complemented by its sleek Meteor Grey finish. 

Inside, you’ll find a spacious and comfortable cabin, equipped with the latest technology to enhance your driving experience. 

With robust safety features and impressive capabilities, this Ranger is perfect for both work and play. 

Whether you're navigating through the city or venturing off the beaten path, the 2025 Ford Ranger is engineered to meet your needs and exceed your expectations. 

Visit us today to discover more about this remarkable vehicle and take it for a test drive!",https://www.chadstoneford.com.au/cars/new-meteor-grey-2026-ford-ranger-tsrr,Ford,Ranger,2026,6,KM,AUTOMATIC,DIESEL,TRUCK,NONE,MPBCMFF70TX771736,EXCELLENT,83106.00 AUD,"{""addr1"": ""1424 Dandenong Rd"", ""city"": ""Oakleigh"", ""region"": ""VIC"", ""postal_code"": 3166, ""country"": ""Australia""}",Grey,AVAILABLE,NEW,-37.8938928,145.0919243,CAR_TRUCK,branded tile test B v3,https://joshhalsallcmg.github.io/chadstone-ford-tiles/TSRR_1x1_b90a085c.jpg,https://joshhalsallcmg.github.io/chadstone-ford-tiles/TSRR_4x5_2790b672.jpg,ASPECT_RATIO_4_5_PREFERRED,https://joshhalsallcmg.github.io/chadstone-ford-tiles/TSRR_9x16_53cba059.jpg,STORY_PREFERRED,ASPECT_RATIO_9_16_PREFERRED,https://joshhalsallcmg.github.io/chadstone-ford-tiles/TSRR_9x16r_26f519bb.jpg,REELS_PREFERRED,https://d2s8i866417m9.cloudfront.net/photo/62275565/photo/medium-a713e079ab003c7f1e3707697d16fa70.png,original_photo
QFCM,2025 Ford Ranger Wildtrak 4X4 3.0L,"Introducing the Demo Aluminium 2025 Ford Ranger Wildtrak – a robust and versatile Ute designed to tackle both urban and off-road adventures with ease. This vehicle boasts a powerful diesel engine paired with an automatic transmission, ensuring a smooth and responsive driving experience. The Wildtrak is not just about performance; it also comes loaded with premium features that enhance comfort and safety for you and your passengers. With its impressive 5-star ANCAP safety rating, you can drive with confidence knowing you are well-protected on the road. Don’t miss the opportunity to explore the innovative technology and luxurious interior of this remarkable vehicle.

Key features include:  
- Climate Control  
- Bluetooth  
- Reversing Camera  
- Heated Seats  
- Keyless Start  
- Lane Departure Warning  
- Lane Keeping Active Assist  
- Leather Seats  
- Roof Rails  
- Wireless Charging  
- 5 Star ANCAP Safety Rating",https://www.chadstoneford.com.au/cars/demo-aluminium-2025-ford-ranger-qfcm-2,Ford,Ranger,2025,6914,KM,AUTOMATIC,DIESEL,TRUCK,NONE,MPBCMFF70SX718639,EXCELLENT,69888.00 AUD,"{""addr1"": ""1424 Dandenong Rd"", ""city"": ""Oakleigh"", ""region"": ""VIC"", ""postal_code"": 3166, ""country"": ""Australia""}",Silver,AVAILABLE,CPO,-37.8938928,145.0919243,CAR_TRUCK,branded tile test B v3,https://joshhalsallcmg.github.io/chadstone-ford-tiles/QFCM_1x1_5d9bee81.jpg,https://joshhalsallcmg.github.io/chadstone-ford-tiles/QFCM_4x5_49e41174.jpg,ASPECT_RATIO_4_5_PREFERRED,https://joshhalsallcmg.github.io/chadstone-ford-tiles/QFCM_9x16_e8db8dc9.jpg,STORY_PREFERRED,ASPECT_RATIO_9_16_PREFERRED,https://joshhalsallcmg.github.io/chadstone-ford-tiles/QFCM_9x16r_a5e406b4.jpg,REELS_PREFERRED,https://d2s8i866417m9.cloudfront.net/photo/59067122/photo/medium-1ba1d2efca148b19264b405e9c41e262.jpg,original_photo
M7QD,2025 Ford Mustang GT FO,"Introducing the exhilarating 2026 Ford Mustang GT FO in striking Race Red, a must-have for driving enthusiasts who crave performance and style. This Coupe embodies the spirit of the Mustang lineage with its powerful petrol engine that delivers an unmatched driving experience. Equipped with a host of advanced features, the Mustang GT FO ensures both comfort and convenience while you enjoy the thrill of the open road. The sport-tuned handling, combined with rapid acceleration, makes this vehicle a standout choice for those who appreciate high-performance sports cars. 

Step inside to experience luxurious leather seats and heated seating options for those chillier drives. With Lane Keeping Active Assist, you can enjoy peace of mind as you navigate the roads. Additionally, the cutting-edge climate control and reversing camera enhance your driving experience while keeping you comfortable and aware of your surroundings. With keyless start and wireless charging, this Mustang is designed to cater to your modern lifestyle.

Features include:  
- Climate Control  
- Reversing Camera  
- Heated Seats  
- Keyless Start  
- Lane Keeping Active Assist  
- Leather Seats  
- Wireless Charging  

Don’t miss the opportunity to own this exceptional vehicle that perfectly balances power and practicality. Visit us today to learn more!",https://www.chadstoneford.com.au/cars/demo-race-red-2025-ford-mustang-m7qd,Ford,Mustang,2025,568,KM,AUTOMATIC,GASOLINE,COUPE,NONE,1FATP8NF4S5111067,EXCELLENT,79888.00 AUD,"{""addr1"": ""1424 Dandenong Rd"", ""city"": ""Oakleigh"", ""region"": ""VIC"", ""postal_code"": 3166, ""country"": ""Australia""}",Red,AVAILABLE,CPO,-37.8938928,145.0919243,CAR_TRUCK,branded tile test B v3,https://joshhalsallcmg.github.io/chadstone-ford-tiles/M7QD_1x1_1df00d2c.jpg,https://joshhalsallcmg.github.io/chadstone-ford-tiles/M7QD_4x5_db0e1d8e.jpg,ASPECT_RATIO_4_5_PREFERRED,https://joshhalsallcmg.github.io/chadstone-ford-tiles/M7QD_9x16_54e3a490.jpg,STORY_PREFERRED,ASPECT_RATIO_9_16_PREFERRED,https://joshhalsallcmg.github.io/chadstone-ford-tiles/M7QD_9x16r_36a74cf3.jpg,REELS_PREFERRED,https://d2s8i866417m9.cloudfront.net/photo/57471477/photo/medium-2eb88cf462ca86dbf1dc736432db7074.jpg,original_photo
SBPL,2026 Ford Everest Sport 3.0L,"Introducing the all-new 2026 Ford Everest Sport, a remarkable SUV designed to accommodate larger families with its impressive spaciousness and seating capacity for 7+ passengers. This rugged yet refined vehicle comes equipped with a powerful diesel engine that ensures a smooth and efficient drive, paired with an automatic transmission for added convenience. The Ford Everest Sport not only prioritises performance but also safety, boasting a 5 Star ANCAP Safety Rating, making it a reliable choice for families on the go.

With features like Climate Control and Heated Seats, comfort is at the forefront of this vehicle’s design. Advanced technology, including Bluetooth connectivity and a Reversing Camera, enhances the driving experience while Lane Departure Warning and Lane Keeping Active Assist provide an extra layer of safety for all occupants. The stylish Leather Seats and Roof Rails add a touch of sophistication, making it the perfect vehicle for family adventures or carpooling.

Key Features:
- Climate Control
- Bluetooth
- Reversing Camera
- Heated Seats
- Keyless Start
- Lane Departure Warning
- Lane Keeping Active Assist
- Leather Seats
- Roof Rails
- 7+ Seats
- 5 Star ANCAP Safety Rating

Discover the practicality and style of the 2026 Ford Everest Sport, where every journey is designed to be enjoyable and secure for you and your family.",https://www.chadstoneford.com.au/cars/new-aluminium-2026-ford-everest-sbpl,Ford,Everest,2026,9182,KM,AUTOMATIC,DIESEL,SUV,NONE,MNARXXMAWRSE94569,EXCELLENT,87994.00 AUD,"{""addr1"": ""1424 Dandenong Rd"", ""city"": ""Oakleigh"", ""region"": ""VIC"", ""postal_code"": 3166, ""country"": ""Australia""}",Silver,AVAILABLE,CPO,-37.8938928,145.0919243,CAR_TRUCK,branded tile test B v3,https://joshhalsallcmg.github.io/chadstone-ford-tiles/SBPL_1x1_94b46d06.jpg,https://joshhalsallcmg.github.io/chadstone-ford-tiles/SBPL_4x5_645869b0.jpg,ASPECT_RATIO_4_5_PREFERRED,https://joshhalsallcmg.github.io/chadstone-ford-tiles/SBPL_9x16_c41fa886.jpg,STORY_PREFERRED,ASPECT_RATIO_9_16_PREFERRED,https://joshhalsallcmg.github.io/chadstone-ford-tiles/SBPL_9x16r_e927334c.jpg,REELS_PREFERRED,https://d2s8i866417m9.cloudfront.net/photo/52057165/photo/medium-c5d3a00985265ab7f7ef27c7a58a5f8c.png,original_photo
